{"cameraMode":{"drawMode":0,"name":"Shaded","section":"Shading Mode"},"sceneLighting":false,"audioPlay":false,"sceneViewState":{"showFog":true,"showMaterialUpdate":false,"showSkybox":true,"showFlares":true,"showImageEffects":true,"showParticleSystems":true},"in2DMode":false,"pivot":{"x":2.8981409072875978,"y":3.512085199356079,"z":0.44845840334892275},"rotation":{"x":-0.27932512760162356,"y":0.5931258797645569,"z":-0.2303931564092636,"w":-0.7190953493118286},"size":4.4591217041015629,"orthographic":false}