{"cameraMode":{"drawMode":0,"name":"Shaded","section":"Shading Mode"},"sceneLighting":false,"audioPlay":false,"sceneViewState":{"showFog":true,"showMaterialUpdate":false,"showSkybox":true,"showFlares":true,"showImageEffects":true,"showParticleSystems":true},"in2DMode":false,"pivot":{"x":8.301756858825684,"y":1.7933158874511719,"z":0.4634389877319336},"rotation":{"x":0.01337404828518629,"y":-0.3704170882701874,"z":0.00532762985676527,"w":0.9287539720535278},"size":7.216737747192383,"orthographic":false}