{"cameraMode":{"drawMode":0,"name":"Shaded","section":"Shading Mode"},"sceneLighting":false,"audioPlay":false,"sceneViewState":{"showFog":true,"showMaterialUpdate":false,"showSkybox":true,"showFlares":true,"showImageEffects":true,"showParticleSystems":true},"in2DMode":false,"pivot":{"x":0.0,"y":1.8031370639801026,"z":-0.003032505512237549},"rotation":{"x":-0.008680700324475766,"y":0.9928385019302368,"z":-0.08583397418260575,"w":-0.08263825625181198},"size":15.076271057128907,"orthographic":false}