{"cameraMode":{"drawMode":0,"name":"Shaded","section":"Shading Mode"},"sceneLighting":false,"audioPlay":false,"sceneViewState":{"showFog":true,"showMaterialUpdate":false,"showSkybox":true,"showFlares":true,"showImageEffects":true,"showParticleSystems":true},"in2DMode":false,"pivot":{"x":5.868455410003662,"y":0.18644452095031739,"z":6.207703590393066},"rotation":{"x":-0.14018820226192475,"y":-0.548251748085022,"z":0.09383070468902588,"w":-0.819123387336731},"size":7.060035705566406,"orthographic":false}